--
-- PostgreSQL database dump
--

-- Dumped from database version 10.12
-- Dumped by pg_dump version 10.12

SET statement_timeout = 0;
SET lock_timeout = 0;
SET idle_in_transaction_session_timeout = 0;
SET client_encoding = 'UTF8';
SET standard_conforming_strings = on;
SELECT pg_catalog.set_config('search_path', '', false);
SET check_function_bodies = false;
SET xmloption = content;
SET client_min_messages = warning;
SET row_security = off;

SET default_tablespace = '';

SET default_with_oids = false;

--
-- Name: cclientes; Type: TABLE; Schema: public; Owner: root
--

CREATE TABLE public.cclientes (
    id integer,
    cliente character varying(70)
);


ALTER TABLE public.cclientes OWNER TO postgres;

--
-- Name: medicion_cliente_resultado; Type: TABLE; Schema: public; Owner: root
--

CREATE TABLE public.medicion_cliente_resultado (
    id integer NOT NULL,
    idcliente integer,
    idmedicion_cliente integer,
    tamano bigint,
    fecha timestamp without time zone
);


ALTER TABLE public.medicion_cliente_resultado OWNER TO postgres;

--
-- Name: medicion_cliente_resultado_id_seq; Type: SEQUENCE; Schema: public; Owner: root
--

CREATE SEQUENCE public.medicion_cliente_resultado_id_seq
    AS integer
    START WITH 1
    INCREMENT BY 1
    NO MINVALUE
    NO MAXVALUE
    CACHE 1;


ALTER TABLE public.medicion_cliente_resultado_id_seq OWNER TO postgres;

--
-- Name: medicion_cliente_resultado_id_seq; Type: SEQUENCE OWNED BY; Schema: public; Owner: root
--

ALTER SEQUENCE public.medicion_cliente_resultado_id_seq OWNED BY public.medicion_cliente_resultado.id;


--
-- Name: mmedicion_cliente; Type: TABLE; Schema: public; Owner: root
--

CREATE TABLE public.mmedicion_cliente (
    id integer,
    idcliente integer,
    tipo character varying(20),
    ambiente character varying(20)
);


ALTER TABLE public.mmedicion_cliente OWNER TO postgres;

--
-- Name: medicion_cliente_resultado id; Type: DEFAULT; Schema: public; Owner: root
--

ALTER TABLE ONLY public.medicion_cliente_resultado ALTER COLUMN id SET DEFAULT nextval('public.medicion_cliente_resultado_id_seq'::regclass);


--
-- Data for Name: cclientes; Type: TABLE DATA; Schema: public; Owner: root
--

COPY public.cclientes (id, cliente) FROM stdin;
384	Diunsa Epik
81	Susalud
4	Allus MKP
63	Renovar Financiera
83	Emtelco Novaventa
71	Sufi Renting
400	CAFAM
64	Renting
403	Afiancol
398	Covinoc
28	EPM
373	Emtelco Belcorp EC
378	Emergia Credivalores
399	CAFAM
62	Canapro
33	MAF
79	El Tiempo
70	SpringStep
87	Idear Negocios
53	Leonisa
395	Covinoc
84	Emtelco Offcorss
375	Credintegral
74	UNEDEV
361	Emtelco Belcorp CO
29	Flamingo
66	Soluciones Amelissa
359	Emtelco Belcorp BO
65	Services & Consulting
50	Lebon
387	Tigo Bolivia
392	ORIGENBPO
68	Soluciones Global
388	Coomuldesa
386	UPB
39	Coopantex
385	Compensar Alianzas
72	Tigo
356	Cobi
27	Edatel Soluciones
396	CAFAM
69	Soluciones MKP
389	Emergia SURA
54	Malambo
2	Alianzas
49	Finesa
397	Media Naranja
376	Alphacredit
59	Oficredito
25	Dentix
36	Proteccion
355	Soluciones en Cartera Int
58	Confe Externos
381	Cooprofesoresun
18	Comercial Confiar
77	Vision Gerencial
368	Emtelco Belcorp DOM
15	Cobi
380	Cueros Velez
31	Fotomultas
369	Emtelco Belcorp SV
67	Soluciones en Cartera
47	ESSA
10	Sistemcombro
383	Presente
382	SBS Seguros
48	Fenalcobra
32	Linea Directa
13	CHEC
34	Novaventa
35	Progressa
377	Tigo SAP
12	CFA
24	Crecer
26	Depositos Miranda
374	Proteccion
352	Coofinep
365	Emtelco Belcorp PA
41	Emtelco Belcorp
46	Electrobello
367	Emtelco Belcorp PR
366	Emtelco Belcorp PE
56	Oriflameecu
354	Services & Consulting
360	Emtelco Belcorp CL
17	Coltefinanciera
362	Emtelco Belcorp CR
363	Emtelco Belcorp GT
80	Adeinco
45	EDEQ
3	Allus Colmedica
78	Vision MKP
1	Agaval
23	Confiar
61	Fundacion de la Mujer
44	Coogranada
357	UNE
358	Coopantex
390	Coopcentral
86	Compensar
391	Coguasimales
393	Banco Mundo Mujer
21	Comultrasan
43	Coofinep
82	Tuya
364	Emtelco Belcorp MX
379	Itau
76	Vehigrupo
5	Allus PAC
19	Comfama
11	CENS
42	Fincomercio
20	Comfenalco
60	Intercobros
8	Bancamia
57	Oriflameperu
85	Coasmedas
73	Tigo Costa Rica
9	Bancolombia
38	Punto Profesional
52	Leoecu
75	Unitec
7	AVON
16	Colsubsidio
22	Confe
37	Punto Profesional Roishe
6	Avancredito
14	Cobelen
55	Marrocar
30	FNA
371	FNA
370	FNA
40	Coopetrol
\.


--
-- Data for Name: medicion_cliente_resultado; Type: TABLE DATA; Schema: public; Owner: root
--

COPY public.medicion_cliente_resultado (id, idcliente, idmedicion_cliente, tamano, fecha) FROM stdin;
818	1	325	940218046111	2020-04-07 10:34:23.590876
819	1	83	80479564447	2020-04-07 10:34:24.06012
820	1	1116	112326356610	2020-04-07 10:34:29.750706
821	1	157	1470403364	2020-04-07 10:34:30.993687
822	2	251	175045645192	2020-04-07 10:34:31.139751
823	2	1069	56131828303	2020-04-07 10:34:31.850268
824	2	280	546752880108	2020-04-07 10:34:32.010263
825	2	1059	934937091	2020-04-07 10:34:32.113761
826	2	616	1329328799	2020-04-07 10:34:37.420427
827	2	127	36537956317	2020-04-07 10:34:37.775912
828	2	493	24624715741	2020-04-07 10:34:38.316923
829	2	48	44704132223	2020-04-07 10:34:38.855162
830	2	202	1872107551	2020-04-07 10:34:40.456354
831	6	1071	9046021459	2020-04-07 10:34:41.1258
832	6	242	1247852048	2020-04-07 10:34:41.385453
833	6	282	150549913033	2020-04-07 10:34:41.547795
834	6	39	10634496324	2020-04-07 10:34:41.986518
835	6	503	8006783647	2020-04-07 10:34:48.801084
836	6	118	8157852319	2020-04-07 10:34:48.927336
837	6	193	69325854	2020-04-07 10:34:50.236103
838	8	335	4538071694442	2020-04-07 10:34:50.538235
839	8	13	203186006855	2020-04-07 10:34:50.929068
840	8	92	155888628383	2020-04-07 10:34:51.089071
841	8	512	294335135	2020-04-07 10:34:56.660222
842	8	167	609031533	2020-04-07 10:34:57.426852
843	10	252	17127005	2020-04-07 10:34:57.681008
844	10	1072	82972822	2020-04-07 10:34:58.379033
845	10	284	16367111558	2020-04-07 10:34:58.505826
846	10	634	2032644767	2020-04-07 10:35:07.20523
847	10	49	2711529796	2020-04-07 10:35:07.404923
848	10	128	2163102367	2020-04-07 10:35:07.534266
849	10	203	29766968	2020-04-07 10:35:08.097958
850	11	333	1316391399057	2020-04-07 10:35:08.135259
851	11	11	97952697159	2020-04-07 10:35:08.495855
852	11	832	68809369784	2020-04-07 10:35:13.684819
853	11	90	81431261855	2020-04-07 10:35:14.37215
854	11	165	23002132	2020-04-07 10:35:14.843001
855	12	334	1081890256040	2020-04-07 10:35:14.888827
856	12	12	58932992995	2020-04-07 10:35:20.030917
857	12	166	233352852	2020-04-07 10:35:22.544425
858	13	347	708953835015	2020-04-07 10:35:22.581848
859	13	104	31253164703	2020-04-07 10:35:22.936934
860	13	25	48888580420	2020-04-07 10:35:23.089694
861	13	816	59598006456	2020-04-07 10:35:28.500517
862	13	179	32447128	2020-04-07 10:35:29.03334
863	14	1074	27470198567	2020-04-07 10:35:29.934513
864	14	236	3039307865	2020-04-07 10:35:30.223109
865	14	286	391720549423	2020-04-07 10:35:30.452056
866	14	515	3259716255	2020-04-07 10:35:39.089928
867	14	112	7916999327	2020-04-07 10:35:39.220518
868	14	33	9368574947	2020-04-07 10:35:39.514872
869	14	187	1693510	2020-04-07 10:35:40.080644
870	15	326	48874238909	2020-04-07 10:35:40.129104
871	15	792	46703108	2020-04-07 10:35:45.621925
872	15	1117	17136381570	2020-04-07 10:35:45.914953
873	15	84	1869697695	2020-04-07 10:35:46.181609
874	15	158	64757136	2020-04-07 10:35:46.722245
875	16	1126	2874523043	2020-04-07 10:35:47.263852
876	16	1130	46652166653	2020-04-07 10:35:47.629927
877	16	328	4451598346264	2020-04-07 10:35:47.741591
878	16	85	134827848351	2020-04-07 10:35:47.902053
879	16	1119	178792603422	2020-04-07 10:35:56.598553
880	16	160	3954787703	2020-04-07 10:35:56.967502
881	17	340	233680436802	2020-04-07 10:35:57.008635
882	17	97	29228880543	2020-04-07 10:35:57.128774
883	17	18	47043324228	2020-04-07 10:35:57.217511
884	17	172	55688479	2020-04-07 10:36:05.07962
885	18	350	1473023944448	2020-04-07 10:36:05.121292
886	18	545	18072557328	2020-04-07 10:36:10.820652
887	18	465	16888558239	2020-04-07 10:36:11.386922
888	18	28	25355541572	2020-04-07 10:36:11.461969
889	19	332	2629872292827	2020-04-07 10:36:11.876104
890	19	10	149789416419	2020-04-07 10:36:12.071649
891	19	496	8884895	2020-04-07 10:36:12.201814
892	19	89	141398659743	2020-04-07 10:36:12.413822
893	19	164	2132897282	2020-04-07 10:36:21.390941
894	20	345	393982530724	2020-04-07 10:36:21.60153
895	20	23	63613577540	2020-04-07 10:36:27.236979
896	20	102	41305756319	2020-04-07 10:36:27.387517
897	20	177	27753123	2020-04-07 10:36:28.021824
898	21	349	422500413283	2020-04-07 10:36:28.056636
899	21	27	5901207876	2020-04-07 10:36:28.243839
900	21	181	10054425	2020-04-07 10:36:35.110819
901	22	1076	59107352706	2020-04-07 10:36:36.138332
902	22	248	7365457768	2020-04-07 10:36:42.546603
903	22	289	1683603325366	2020-04-07 10:36:42.736249
904	22	555	39012235024	2020-04-07 10:36:44.047335
905	22	805	69697423544	2020-04-07 10:36:49.234471
906	22	749	61883552415	2020-04-07 10:36:49.349194
907	22	45	100724924190	2020-04-07 10:36:50.670703
908	22	124	61144281759	2020-04-07 10:36:50.851396
909	22	199	137148295	2020-04-07 10:36:52.799855
910	23	346	1035763736169	2020-04-07 10:36:53.109824
911	23	24	66158816383	2020-04-07 10:36:53.215194
912	23	896	12967547551	2020-04-07 10:36:58.31827
913	23	756	51570905759	2020-04-07 10:36:58.402163
914	23	668	86124930366	2020-04-07 10:36:58.594798
915	23	569	135137781040	2020-04-07 10:36:59.049888
916	23	451	24093579229	2020-04-07 10:36:59.272451
917	23	103	51257250463	2020-04-07 10:36:59.353759
918	23	178	324262921	2020-04-07 10:36:59.897954
919	24	1131	44263718	2020-04-07 10:36:59.943861
920	24	330	492470017534	2020-04-07 10:36:59.981696
921	24	688	26989769375	2020-04-07 10:37:05.284543
922	24	561	27136825104	2020-04-07 10:37:05.623701
923	24	87	27127706271	2020-04-07 10:37:05.695031
924	24	1121	30269676515	2020-04-07 10:37:05.786494
925	24	162	30044151	2020-04-07 10:37:06.194689
926	26	323	66506927603	2020-04-07 10:37:06.231452
927	26	81	3790934687	2020-04-07 10:37:12.183253
928	26	1114	4102499143	2020-04-07 10:37:12.337103
929	26	155	29519500	2020-04-07 10:37:12.944902
930	27	1101	2118599	2020-04-07 10:37:13.649229
931	27	300	414285199907	2020-04-07 10:37:13.885375
932	27	116	19661935263	2020-04-07 10:37:14.07645
933	27	37	19695156195	2020-04-07 10:37:14.322433
934	27	191	655943	2020-04-07 10:37:20.571278
935	28	353	4935312089898	2020-04-07 10:37:21.469627
936	28	1124	573625722174	2020-04-07 10:37:21.777763
937	28	470	61479662239	2020-04-07 10:37:22.457057
938	28	813	913396172984	2020-04-07 10:37:28.723742
939	28	1123	696451096865	2020-04-07 10:37:28.994139
940	28	355	3389082069	2020-04-07 10:37:29.169848
941	29	1113	55484596420	2020-04-07 10:37:29.614077
942	29	1108	1222975923	2020-04-07 10:37:30.05202
943	29	1088	54351354739	2020-04-07 10:37:30.703688
944	29	1110	491558944327	2020-04-07 10:37:30.88212
945	29	1107	370641642073	2020-04-07 10:37:31.059944
946	29	1112	252984021663	2020-04-07 10:37:31.190713
947	29	1111	13395898223	2020-04-07 10:37:38.303221
948	29	1109	3344990743	2020-04-07 10:37:39.519385
949	32	247	14275522210	2020-04-07 10:37:40.054328
950	32	1091	85767369342	2020-04-07 10:37:40.719647
951	32	306	356328960387	2020-04-07 10:37:40.861686
952	32	123	49485009567	2020-04-07 10:37:46.637635
953	32	44	57492810052	2020-04-07 10:37:46.762775
954	32	198	99047119	2020-04-07 10:37:47.355852
955	33	254	215068356	2020-04-07 10:37:47.876928
956	33	1092	3936175652	2020-04-07 10:37:48.554395
957	33	307	133112663810	2020-04-07 10:37:48.682952
958	33	130	11919422111	2020-04-07 10:37:48.910447
959	33	504	3976106655	2020-04-07 10:37:49.238098
960	33	51	12487018820	2020-04-07 10:37:54.625537
961	33	205	42010846	2020-04-07 10:37:55.20367
962	34	1093	80810004280	2020-04-07 10:37:55.85901
963	34	246	15447959538	2020-04-07 10:37:56.127265
964	34	309	672813060460	2020-04-07 10:37:56.27264
965	34	632	8024735	2020-04-07 10:37:56.386269
966	34	43	98032757060	2020-04-07 10:37:56.740481
967	34	122	87549088415	2020-04-07 10:37:56.89919
968	34	488	606282243	2020-04-07 10:37:58.030887
969	34	806	66819418296	2020-04-07 10:38:03.215276
970	34	197	19293606	2020-04-07 10:38:03.980511
971	35	1096	34517958092	2020-04-07 10:38:04.623067
972	35	244	5266409500	2020-04-07 10:38:04.712323
973	35	312	68339218512	2020-04-07 10:38:04.823874
974	35	604	9541915295	2020-04-07 10:38:10.296681
975	35	41	15888186339	2020-04-07 10:38:10.419711
976	35	120	10610283167	2020-04-07 10:38:10.705835
977	35	195	270962136	2020-04-07 10:38:11.589197
978	36	354	961974419404	2020-04-07 10:38:11.64851
979	36	31	118357319454	2020-04-07 10:38:17.622974
980	36	110	88668964158	2020-04-07 10:38:17.768956
981	36	490	64642393406	2020-04-07 10:38:18.610516
982	36	185	214905239	2020-04-07 10:38:19.263499
983	37	237	100988552	2020-04-07 10:38:20.12725
984	37	1098	1269555806	2020-04-07 10:38:20.834771
985	37	313	7214357926	2020-04-07 10:38:20.941699
986	37	34	1585391940	2020-04-07 10:38:26.469704
987	37	113	1375711903	2020-04-07 10:38:26.584221
988	37	188	6378511	2020-04-07 10:38:32.191781
989	38	338	216407783597	2020-04-07 10:38:32.226759
990	38	511	18082894495	2020-04-07 10:38:32.576463
991	38	591	16063297296	2020-04-07 10:38:33.211433
992	38	16	28422150624	2020-04-07 10:38:33.396444
993	38	95	23968354975	2020-04-07 10:38:33.493919
994	38	170	127417952	2020-04-07 10:38:39.046235
995	39	249	612275604	2020-04-07 10:38:39.393625
996	39	1078	4751702281	2020-04-07 10:38:40.074605
997	39	291	355070486025	2020-04-07 10:38:40.238079
998	39	46	17474911203	2020-04-07 10:38:40.433451
999	39	125	15514301087	2020-04-07 10:38:40.601911
1000	39	500	811722046	2020-04-07 10:38:46.05685
1001	39	386	2	2020-04-07 10:38:46.405189
1002	39	200	57198202	2020-04-07 10:38:46.989811
1003	40	264	964884793	2020-04-07 10:38:47.088283
1004	40	1080	6900626088	2020-04-07 10:38:47.910538
1005	40	293	1272733361299	2020-04-07 10:38:48.133891
1006	40	619	5556507295	2020-04-07 10:38:48.438027
1007	40	140	12056638111	2020-04-07 10:38:48.597908
1008	40	61	12030585156	2020-04-07 10:38:56.746421
1009	40	215	48434984	2020-04-07 10:38:57.478236
1010	42	1087	29477828194	2020-04-07 10:38:58.411727
1011	42	238	4016049989	2020-04-07 10:39:10.61048
1012	42	303	2416745872546	2020-04-07 10:39:10.83523
1013	42	35	101414665187	2020-04-07 10:39:11.209681
1014	42	706	16223310495	2020-04-07 10:39:11.776248
1015	42	823	1359782404	2020-04-07 10:39:16.91908
1016	42	677	88932201119	2020-04-07 10:39:18.10802
1017	42	114	91216081567	2020-04-07 10:39:18.249102
1018	42	189	98407193	2020-04-07 10:39:19.523996
1019	42	388	8187592318	2020-04-07 10:39:19.822293
1020	44	343	89803098891	2020-04-07 10:39:19.861753
1021	44	21	9343347012	2020-04-07 10:39:19.949581
1022	44	100	8152863391	2020-04-07 10:39:20.475495
1023	44	890	7889077566	2020-04-07 10:39:20.590832
1024	44	175	33480649	2020-04-07 10:39:26.300671
1025	45	344	381109744095	2020-04-07 10:39:26.340708
1026	45	22	56880695620	2020-04-07 10:39:26.433246
1027	45	101	40816603807	2020-04-07 10:39:26.558959
1028	45	176	18862645	2020-04-07 10:39:32.76236
1029	47	1067	172306	2020-04-07 10:39:33.09104
1030	47	327	1898280485806	2020-04-07 10:39:33.142838
1031	47	655	9541915295	2020-04-07 10:39:33.265006
1032	47	1118	186689296864	2020-04-07 10:39:33.709042
1033	47	814	116726368440	2020-04-07 10:39:40.724905
1034	47	159	86200568	2020-04-07 10:39:41.2311
1035	48	331	264757553839	2020-04-07 10:39:41.27726
1036	48	88	16799158943	2020-04-07 10:39:41.387937
1037	48	1122	22300483046	2020-04-07 10:39:52.056367
1038	48	163	3021996	2020-04-07 10:39:52.378428
1039	49	336	134291548826	2020-04-07 10:39:52.602278
1040	49	14	43290585412	2020-04-07 10:39:52.830658
1041	49	93	29652152991	2020-04-07 10:39:52.908181
1042	49	168	373739266	2020-04-07 10:39:59.181149
1043	55	337	181252371271	2020-04-07 10:39:59.220012
1044	55	15	22166956356	2020-04-07 10:39:59.278887
1045	55	94	13741478559	2020-04-07 10:39:59.42633
1046	55	169	8180776	2020-04-07 10:40:05.23391
1047	59	348	112807711200	2020-04-07 10:40:05.275823
1048	59	26	20731717956	2020-04-07 10:40:05.502559
1049	59	105	18022757023	2020-04-07 10:40:05.664603
1050	59	180	16151299	2020-04-07 10:40:11.868698
1051	61	351	2620240051067	2020-04-07 10:40:12.0977
1052	61	108	61926093471	2020-04-07 10:40:17.625586
1053	61	29	77829266403	2020-04-07 10:40:17.758119
1054	61	183	759810466	2020-04-07 10:40:18.247264
1055	62	342	569823523221	2020-04-07 10:40:18.28385
1056	62	99	15381271199	2020-04-07 10:40:23.658106
1057	62	20	16906717508	2020-04-07 10:40:23.832395
1058	62	174	36575806	2020-04-07 10:40:24.798779
1059	63	277	1486747429	2020-04-07 10:40:25.090878
1060	63	1097	4134758110	2020-04-07 10:40:25.740092
1061	63	314	2721585901046	2020-04-07 10:40:25.956557
1062	63	541	426858256	2020-04-07 10:40:26.208631
1063	63	670	40600597151	2020-04-07 10:40:26.40097
1064	63	150	41674609311	2020-04-07 10:40:31.688296
1065	63	74	49828497732	2020-04-07 10:40:31.842392
1066	63	482	8180383	2020-04-07 10:40:31.9574
1067	63	228	412466618	2020-04-07 10:40:34.194075
1068	65	329	57563751839	2020-04-07 10:40:34.214585
1069	65	1120	83394988356	2020-04-07 10:40:34.608918
1070	65	86	78257959583	2020-04-07 10:40:34.820323
1071	65	161	77538922	2020-04-07 10:40:40.13143
1072	66	1100	115961980	2020-04-07 10:40:40.951737
1073	66	245	699350	2020-04-07 10:40:41.208094
1074	66	316	61910304999	2020-04-07 10:40:41.363099
1075	66	121	3410170527	2020-04-07 10:40:41.474209
1076	66	42	3723413828	2020-04-07 10:40:41.602591
1077	66	1048	3296412163	2020-04-07 10:40:47.146311
1078	66	196	333274	2020-04-07 10:40:47.46601
1079	67	1065	349145344267	2020-04-07 10:40:48.388759
1080	67	151	16865092926	2020-04-07 10:40:53.821786
1081	67	524	12741309087	2020-04-07 10:40:55.128129
1082	67	75	44458413698	2020-04-07 10:40:55.448209
1083	67	229	165678044	2020-04-07 10:40:55.936265
1084	68	317	161457277901	2020-04-07 10:40:56.329808
1085	68	152	48570438303	2020-04-07 10:41:01.972766
1086	68	76	50854250820	2020-04-07 10:41:02.077022
1087	68	230	587081	2020-04-07 10:41:02.43491
1088	69	1102	195335356	2020-04-07 10:41:03.370197
1089	69	241	253802	2020-04-07 10:41:03.636011
1090	69	318	91451575771	2020-04-07 10:41:03.770293
1091	69	38	14861237219	2020-04-07 10:41:04.134341
1092	69	117	9482474143	2020-04-07 10:41:11.186332
1093	69	192	13919181	2020-04-07 10:41:12.633906
1094	70	341	183808160801	2020-04-07 10:41:12.671621
1095	70	98	14184166047	2020-04-07 10:41:12.730942
1096	70	19	26944555332	2020-04-07 10:41:20.649077
1097	70	173	936444	2020-04-07 10:41:21.788781
1104	73	320	237106788712	2020-04-07 10:41:29.0082
1105	73	907	20994786310	2020-04-07 10:41:29.522828
1106	73	119	36255978143	2020-04-07 10:41:34.874785
1107	73	40	46439811396	2020-04-07 10:41:35.322867
1108	73	194	440033723	2020-04-07 10:41:35.72216
1109	74	1127	43292407900	2020-04-07 10:41:36.432511
1110	74	1133	7200407266	2020-04-07 10:41:36.494918
1111	74	1132	7955843768	2020-04-07 10:41:36.763603
1112	74	1128	98847859870	2020-04-07 10:41:37.344638
1113	74	352	7491630632565	2020-04-07 10:41:53.904745
1114	74	464	8344223	2020-04-07 10:41:54.09584
1115	74	610	4289147551	2020-04-07 10:41:54.923368
1116	74	109	791437013663	2020-04-07 10:42:00.192465
1117	74	30	1290937422269	2020-04-07 10:42:00.276224
1118	74	184	12544703632	2020-04-07 10:42:00.489354
1119	76	250	490076578	2020-04-07 10:42:01.83046
1120	76	1105	8153928479	2020-04-07 10:42:02.52875
1121	76	126	20572148383	2020-04-07 10:42:03.316094
1122	76	47	22099433952	2020-04-07 10:42:03.525917
1123	76	201	286059873	2020-04-07 10:42:09.940173
1124	77	339	564619568095	2020-04-07 10:42:10.017427
1125	77	17	47019919684	2020-04-07 10:42:15.245204
1126	77	96	37716161183	2020-04-07 10:42:15.340703
1127	77	171	887854148	2020-04-07 10:42:16.025788
1128	78	1106	140019574	2020-04-07 10:42:16.866803
1129	78	1136	131799162719	2020-04-07 10:42:17.544728
1130	78	1137	5142384168	2020-04-07 10:42:17.861428
1131	79	235	1241266195	2020-04-07 10:42:17.950993
1132	79	1085	8464117078	2020-04-07 10:42:18.611072
1133	79	301	32103520536	2020-04-07 10:42:18.912457
1134	79	32	4701800772	2020-04-07 10:42:19.60416
1135	79	111	1951781535	2020-04-07 10:42:19.731679
1136	79	186	54379	2020-04-07 10:42:25.437401
1137	80	1129	5520400264	2020-04-07 10:42:25.473477
1138	80	324	1098557230601	2020-04-07 10:42:25.516136
1139	80	893	1984280541	2020-04-07 10:42:25.753541
1140	80	690	32602083999	2020-04-07 10:42:30.866174
1141	80	82	61783429791	2020-04-07 10:42:31.251699
1142	80	1115	115050699747	2020-04-07 10:42:31.309388
1143	80	1125	109124940962	2020-04-07 10:42:31.436358
1144	80	156	1077421335	2020-04-07 10:42:31.726435
1145	85	255	5539721154	2020-04-07 10:42:48.444408
1146	85	1073	45368554908	2020-04-07 10:42:49.436493
1147	85	285	77349247830	2020-04-07 10:42:49.519745
1148	85	467	8701776543	2020-04-07 10:42:49.78059
1149	85	131	8817439391	2020-04-07 10:42:49.933073
1150	85	52	17615341892	2020-04-07 10:42:50.042954
1151	85	206	244145287	2020-04-07 10:43:00.278193
1152	86	1075	116144105650	2020-04-07 10:43:00.959019
1153	86	256	40427790874	2020-04-07 10:43:01.367503
1154	86	288	190055767162	2020-04-07 10:43:01.561059
1155	86	492	81346157851	2020-04-07 10:43:02.332189
1156	86	829	2359910916	2020-04-07 10:43:07.536878
1157	86	659	1329328799	2020-04-07 10:43:07.701019
1158	86	53	58077565888	2020-04-07 10:43:07.919457
1159	86	132	31890507070	2020-04-07 10:43:08.082698
1160	86	1001	934937091	2020-04-07 10:43:08.179374
1161	86	207	2765904901	2020-04-07 10:43:09.263285
1162	371	239	9845504128	2020-04-07 10:43:09.628052
1163	371	1089	81859348273	2020-04-07 10:43:10.291516
1164	371	1134	123367916781	2020-04-07 10:43:10.404485
1165	371	304	5273752488540	2020-04-07 10:43:10.698925
1166	371	36	106300584896	2020-04-07 10:43:15.878964
1167	371	115	96314053279	2020-04-07 10:43:16.002903
1168	371	615	91492864671	2020-04-07 10:43:16.335691
1169	371	889	7191045126	2020-04-07 10:43:16.438428
1170	371	975	46920901950	2020-04-07 10:43:16.558034
1171	371	990	99806340414	2020-04-07 10:43:16.682469
1172	371	190	636760419	2020-04-07 10:43:16.99246
1173	375	265	24254119576	2020-04-07 10:43:42.291956
1174	375	1083	78249535541	2020-04-07 10:43:43.098207
1175	375	62	7827573060	2020-04-07 10:43:48.484454
1176	375	452	4683338399	2020-04-07 10:43:48.65487
1177	375	141	4822176415	2020-04-07 10:43:48.980332
1178	375	216	90854442	2020-04-07 10:43:49.333983
1179	376	1070	9619434380	2020-04-07 10:43:50.442827
1180	376	261	2254959294	2020-04-07 10:44:03.007015
1181	376	281	214830290892	2020-04-07 10:44:03.191479
1182	376	462	1354060447	2020-04-07 10:44:03.363295
1183	376	58	5703887172	2020-04-07 10:44:03.50115
1184	376	137	2980065951	2020-04-07 10:44:03.630678
1185	376	684	445104643	2020-04-07 10:44:08.915745
1186	376	609	1719620255	2020-04-07 10:44:09.040115
1187	376	212	92931255	2020-04-07 10:44:09.518455
1188	377	321	48335618164	2020-04-07 10:44:09.891092
1189	377	59	5348698436	2020-04-07 10:44:10.004416
1190	377	138	5331849887	2020-04-07 10:44:10.107914
1191	377	213	29891	2020-04-07 10:44:15.965448
1192	379	258	18271394182	2020-04-07 10:44:16.802514
1193	379	1090	75118776760	2020-04-07 10:44:17.675209
1194	379	305	166508521074	2020-04-07 10:44:17.798079
1195	379	444	86666434525	2020-04-07 10:44:17.928138
1196	379	446	3673319608	2020-04-07 10:44:23.148869
1197	379	443	59454170430	2020-04-07 10:44:23.354201
1198	379	442	22672970399	2020-04-07 10:44:23.604731
1199	379	134	23719645855	2020-04-07 10:44:23.758602
1200	379	55	31924730336	2020-04-07 10:44:23.99971
1201	379	209	14351578	2020-04-07 10:44:24.333639
1202	380	1084	59202966029	2020-04-07 10:44:25.365059
1203	380	259	62266717720	2020-04-07 10:44:56.248321
1204	380	297	353221928983	2020-04-07 10:44:56.435389
1205	380	135	24734323359	2020-04-07 10:45:01.956972
1206	380	56	36248796131	2020-04-07 10:45:02.365941
1207	380	505	31463027359	2020-04-07 10:45:02.630804
1208	380	210	132437858	2020-04-07 10:45:05.064806
1209	381	1081	6796296429	2020-04-07 10:45:06.131781
1210	381	263	2745031483	2020-04-07 10:45:20.179777
1211	381	294	7088457908	2020-04-07 10:45:20.30076
1212	381	60	916605252	2020-04-07 10:45:20.396661
1213	381	139	470897311	2020-04-07 10:45:20.526641
1214	381	637	307196575	2020-04-07 10:45:21.212384
1215	381	214	8657649	2020-04-07 10:45:26.658367
1216	382	266	5354802273	2020-04-07 10:45:35.581925
1217	382	1099	41585609181	2020-04-07 10:45:36.495753
1218	382	315	115579890059	2020-04-07 10:45:36.617864
1219	382	479	23721116990	2020-04-07 10:45:36.874772
1220	382	142	14606987935	2020-04-07 10:45:36.999669
1221	382	63	21157231072	2020-04-07 10:45:42.676351
1222	382	217	58800993	2020-04-07 10:45:43.771966
1223	383	1095	237693010	2020-04-07 10:45:44.742139
1224	383	267	33568985	2020-04-07 10:45:45.093843
1225	383	311	16388283194	2020-04-07 10:45:45.207817
1226	383	64	1700047172	2020-04-07 10:45:45.336819
1227	383	143	1556001439	2020-04-07 10:45:45.488279
1228	383	459	2917172542	2020-04-07 10:45:45.823857
1229	383	218	24253976	2020-04-07 10:45:52.435922
1230	384	253	65978222139	2020-04-07 10:46:00.626499
1231	384	298	147380334763	2020-04-07 10:46:00.779393
1232	384	50	21846190404	2020-04-07 10:46:01.133711
1233	384	129	10180612767	2020-04-07 10:46:07.792516
1234	384	204	1983047	2020-04-07 10:46:09.421343
1235	386	1104	45524491765	2020-04-07 10:46:10.401083
1236	386	257	20277108047	2020-04-07 10:46:20.316709
1237	386	322	19971569478	2020-04-07 10:46:20.430589
1238	386	509	3850424991	2020-04-07 10:46:20.621742
1239	386	54	20689181667	2020-04-07 10:46:21.033737
1240	386	133	3844166303	2020-04-07 10:46:26.416532
1241	386	208	7664877	2020-04-07 10:46:26.743832
1242	387	1103	180959289	2020-04-07 10:46:27.666537
1243	388	1077	34003424077	2020-04-07 10:46:28.4762
1244	388	270	9603092443	2020-04-07 10:46:51.082365
1245	388	290	19593687352	2020-04-07 10:46:51.215057
1246	388	67	4702645063	2020-04-07 10:46:51.374615
1247	388	145	1449448095	2020-04-07 10:46:51.505243
1248	388	483	971362975	2020-04-07 10:46:52.320296
1249	388	221	204150480	2020-04-07 10:47:00.081502
1250	389	268	4096	2020-04-07 10:47:00.476822
1251	389	1086	644599680	2020-04-07 10:47:01.163391
1252	389	302	135948371250	2020-04-07 10:47:01.32545
1253	389	65	7809673540	2020-04-07 10:47:10.220442
1254	389	144	7580201631	2020-04-07 10:47:10.526083
1255	389	219	2033	2020-04-07 10:47:10.851847
1256	390	271	2855898521	2020-04-07 10:47:11.197094
1257	390	1079	73906265	2020-04-07 10:47:11.840595
1258	390	292	1418282698	2020-04-07 10:47:11.980532
1259	390	68	1788488004	2020-04-07 10:47:17.122653
1260	390	146	376828575	2020-04-07 10:47:17.245206
1261	390	222	1178807	2020-04-07 10:47:18.92068
1262	392	272	22506684244	2020-04-07 10:47:27.876339
1263	392	1094	19642102990	2020-04-07 10:47:28.612943
1264	392	310	4927541875	2020-04-07 10:47:28.735049
1265	392	147	573977247	2020-04-07 10:47:34.922784
1266	392	69	947563335	2020-04-07 10:47:35.031067
1267	392	223	6938954	2020-04-07 10:47:35.708625
1268	393	274	12264476645	2020-04-07 10:47:35.836339
1269	393	283	14122386801	2020-04-07 10:47:35.963445
1270	393	148	3921138335	2020-04-07 10:47:41.441782
1271	393	71	15680710980	2020-04-07 10:47:41.672035
1272	393	225	5965	2020-04-07 10:47:42.983359
1273	395	269	14788474	2020-04-07 10:47:43.094929
1274	395	1082	514004953	2020-04-07 10:47:43.791076
1275	395	295	3473142459	2020-04-07 10:47:43.923277
1276	395	66	5932588003	2020-04-07 10:47:44.14229
1277	395	523	3534107295	2020-04-07 10:47:49.536735
1278	395	220	1522564	2020-04-07 10:47:50.57348
1279	397	275	4096	2020-04-07 10:47:50.929004
1280	397	308	341800941	2020-04-07 10:47:51.047601
1281	397	72	1840961704	2020-04-07 10:47:51.160955
1282	397	226	721583	2020-04-07 10:47:57.639872
1283	399	1066	107411745846	2020-04-07 10:47:58.574893
1284	399	1135	12342196368	2020-04-07 10:47:58.652953
1285	399	502	23495647747	2020-04-07 10:47:59.110669
1286	399	70	31411596930	2020-04-07 10:47:59.221
1287	399	224	4011926	2020-04-07 10:48:04.714771
1288	403	276	4096	2020-04-07 10:48:05.074528
1289	403	279	29200513	2020-04-07 10:48:05.15118
1290	403	73	77560803	2020-04-07 10:48:05.379915
1291	403	149	39547551	2020-04-07 10:48:05.485153
1292	403	227	2323302	2020-04-07 10:48:15.743537
1293	72	57	278174618560	2020-04-07 10:51:42.442708
1294	72	136	274522144027	2020-04-07 10:51:42.582975
1295	72	211	10346240870	2020-04-07 10:51:42.932547
1296	72	319	1641481702583	2020-04-07 10:51:43.117048
1297	72	260	1908057470	2020-04-07 10:51:43.441923
1298	72	600	3163698960	2020-04-07 10:51:43.893001
1299	72	862	77257033740	2020-04-07 10:51:49.318551
\.


--
-- Data for Name: mmedicion_cliente; Type: TABLE DATA; Schema: public; Owner: root
--

COPY public.mmedicion_cliente (id, idcliente, tipo, ambiente) FROM stdin;
480	79	bd	otrasbd
481	13	bd	otrasbd
482	63	bd	otrasbd
483	388	bd	otrasbd
484	389	bd	otrasbd
485	393	bd	otrasbd
486	12	bd	otrasbd
487	80	bd	otrasbd
488	34	bd	otrasbd
489	22	bd	otrasbd
490	36	bd	otrasbd
491	66	bd	otrasbd
492	86	bd	otrasbd
493	2	bd	otrasbd
494	17	bd	otrasbd
495	26	bd	otrasbd
496	19	bd	otrasbd
497	55	bd	otrasbd
10	19	bd	prod
11	11	bd	prod
12	12	bd	prod
13	8	bd	prod
14	49	bd	prod
15	55	bd	prod
16	38	bd	prod
17	77	bd	prod
18	17	bd	prod
19	70	bd	prod
20	62	bd	prod
21	44	bd	prod
22	45	bd	prod
23	20	bd	prod
24	23	bd	prod
25	13	bd	prod
26	59	bd	prod
27	21	bd	prod
28	18	bd	prod
29	61	bd	prod
30	74	bd	prod
31	36	bd	prod
32	79	bd	prod
33	14	bd	prod
34	37	bd	prod
35	42	bd	prod
36	371	bd	prod
37	27	bd	prod
38	69	bd	prod
39	6	bd	prod
40	73	bd	prod
41	35	bd	prod
42	66	bd	prod
43	34	bd	prod
44	32	bd	prod
45	22	bd	prod
46	39	bd	prod
47	76	bd	prod
48	2	bd	prod
49	10	bd	prod
50	384	bd	prod
51	33	bd	prod
52	85	bd	prod
53	86	bd	prod
54	386	bd	prod
55	379	bd	prod
56	380	bd	prod
57	72	bd	prod
58	376	bd	prod
59	377	bd	prod
60	381	bd	prod
61	40	bd	prod
62	375	bd	prod
63	382	bd	prod
64	383	bd	prod
65	389	bd	prod
66	395	bd	prod
67	388	bd	prod
68	390	bd	prod
69	392	bd	prod
70	399	bd	prod
71	393	bd	prod
72	397	bd	prod
73	403	bd	prod
74	63	bd	prod
75	67	bd	prod
76	68	bd	prod
498	29	bd	otrasbd
499	384	bd	otrasbd
500	39	bd	otrasbd
501	49	bd	otrasbd
81	26	bd	cont
82	80	bd	cont
83	1	bd	cont
84	15	bd	cont
85	16	bd	cont
86	65	bd	cont
87	24	bd	cont
88	48	bd	cont
89	19	bd	cont
90	11	bd	cont
91	12	bd	cont
92	8	bd	cont
93	49	bd	cont
94	55	bd	cont
95	38	bd	cont
96	77	bd	cont
97	17	bd	cont
98	70	bd	cont
99	62	bd	cont
100	44	bd	cont
101	45	bd	cont
102	20	bd	cont
103	23	bd	cont
104	13	bd	cont
105	59	bd	cont
106	21	bd	cont
107	18	bd	cont
108	61	bd	cont
109	74	bd	cont
502	399	bd	otrasbd
503	6	bd	otrasbd
110	36	bd	cont
111	79	bd	cont
112	14	bd	cont
113	37	bd	cont
114	42	bd	cont
115	371	bd	cont
116	27	bd	cont
117	69	bd	cont
118	6	bd	cont
119	73	bd	cont
120	35	bd	cont
121	66	bd	cont
122	34	bd	cont
123	32	bd	cont
124	22	bd	cont
125	39	bd	cont
126	76	bd	cont
127	2	bd	cont
128	10	bd	cont
129	384	bd	cont
130	33	bd	cont
131	85	bd	cont
132	86	bd	cont
133	386	bd	cont
134	379	bd	cont
135	380	bd	cont
136	72	bd	cont
137	376	bd	cont
138	377	bd	cont
139	381	bd	cont
140	40	bd	cont
141	375	bd	cont
142	382	bd	cont
143	383	bd	cont
144	389	bd	cont
145	388	bd	cont
146	390	bd	cont
147	392	bd	cont
148	393	bd	cont
149	403	bd	cont
150	63	bd	cont
151	67	bd	cont
152	68	bd	cont
504	33	bd	otrasbd
505	380	bd	otrasbd
155	26	logs	prod
156	80	logs	prod
157	1	logs	prod
158	15	logs	prod
159	47	logs	prod
160	16	logs	prod
161	65	logs	prod
162	24	logs	prod
163	48	logs	prod
164	19	logs	prod
165	11	logs	prod
166	12	logs	prod
167	8	logs	prod
168	49	logs	prod
169	55	logs	prod
170	38	logs	prod
171	77	logs	prod
172	17	logs	prod
173	70	logs	prod
174	62	logs	prod
175	44	logs	prod
176	45	logs	prod
177	20	logs	prod
178	23	logs	prod
179	13	logs	prod
180	59	logs	prod
181	21	logs	prod
182	18	logs	prod
183	61	logs	prod
184	74	logs	prod
185	36	logs	prod
186	79	logs	prod
187	14	logs	prod
188	37	logs	prod
189	42	logs	prod
190	371	logs	prod
191	27	logs	prod
192	69	logs	prod
193	6	logs	prod
194	73	logs	prod
195	35	logs	prod
196	66	logs	prod
197	34	logs	prod
198	32	logs	prod
199	22	logs	prod
200	39	logs	prod
201	76	logs	prod
202	2	logs	prod
203	10	logs	prod
204	384	logs	prod
205	33	logs	prod
206	85	logs	prod
207	86	logs	prod
208	386	logs	prod
209	379	logs	prod
210	380	logs	prod
211	72	logs	prod
212	376	logs	prod
213	377	logs	prod
214	381	logs	prod
215	40	logs	prod
216	375	logs	prod
217	382	logs	prod
218	383	logs	prod
219	389	logs	prod
220	395	logs	prod
221	388	logs	prod
222	390	logs	prod
223	392	logs	prod
224	399	logs	prod
225	393	logs	prod
226	397	logs	prod
227	403	logs	prod
228	63	logs	prod
229	67	logs	prod
230	68	logs	prod
506	381	bd	otrasbd
507	24	bd	otrasbd
508	1	bd	otrasbd
509	386	bd	otrasbd
510	15	bd	otrasbd
511	38	bd	otrasbd
512	8	bd	otrasbd
513	68	bd	otrasbd
514	40	bd	otrasbd
515	14	bd	otrasbd
516	61	bd	otrasbd
517	62	bd	otrasbd
518	70	bd	otrasbd
519	397	bd	otrasbd
520	377	bd	otrasbd
521	371	bd	otrasbd
523	395	bd	otrasbd
524	67	bd	otrasbd
525	27	bd	otrasbd
526	11	bd	otrasbd
527	397	bd	otrasbd
528	45	bd	otrasbd
529	44	bd	otrasbd
530	37	bd	otrasbd
531	381	bd	otrasbd
532	73	bd	otrasbd
533	35	bd	otrasbd
534	403	bd	otrasbd
535	49	bd	otrasbd
536	39	bd	otrasbd
537	42	bd	otrasbd
538	388	bd	otrasbd
1125	80	bd	otrasbd
539	77	bd	otrasbd
540	61	bd	otrasbd
541	63	bd	otrasbd
542	389	bd	otrasbd
543	375	bd	otrasbd
544	377	bd	otrasbd
545	18	bd	otrasbd
546	395	bd	otrasbd
547	20	bd	otrasbd
548	40	bd	otrasbd
549	13	bd	otrasbd
550	16	bd	otrasbd
551	393	bd	otrasbd
552	76	bd	otrasbd
553	27	bd	otrasbd
251	2	archivos	cont
242	6	archivos	cont
252	10	archivos	cont
236	14	archivos	cont
248	22	archivos	cont
247	32	archivos	cont
254	33	archivos	cont
246	34	archivos	cont
244	35	archivos	cont
237	37	archivos	cont
249	39	archivos	cont
264	40	archivos	cont
238	42	archivos	cont
277	63	archivos	cont
245	66	archivos	cont
241	69	archivos	cont
250	76	archivos	cont
235	79	archivos	cont
255	85	archivos	cont
554	392	bd	otrasbd
555	22	bd	otrasbd
556	85	bd	otrasbd
557	12	bd	otrasbd
558	65	bd	otrasbd
559	36	bd	otrasbd
560	17	bd	otrasbd
561	24	bd	otrasbd
562	26	bd	otrasbd
563	32	bd	otrasbd
564	15	bd	otrasbd
565	382	bd	otrasbd
566	33	bd	otrasbd
567	371	bd	otrasbd
568	383	bd	otrasbd
569	23	bd	otrasbd
570	67	bd	otrasbd
571	55	bd	otrasbd
573	14	bd	otrasbd
574	74	bd	otrasbd
575	48	bd	otrasbd
576	10	bd	otrasbd
577	399	bd	otrasbd
578	79	bd	otrasbd
579	1	bd	otrasbd
580	47	bd	otrasbd
581	376	bd	otrasbd
582	19	bd	otrasbd
240	27	archivos	cont
278	68	archivos	cont
243	73	archivos	cont
262	377	archivos	cont
273	399	archivos	cont
279	403	backup	cont
280	2	backup	cont
281	376	backup	cont
282	6	backup	cont
283	393	backup	cont
284	10	backup	cont
285	85	backup	cont
286	14	backup	cont
583	28	bd	otrasbd
288	86	backup	cont
289	22	backup	cont
290	388	backup	cont
291	39	backup	cont
292	390	backup	cont
293	40	backup	cont
294	381	backup	cont
295	395	backup	cont
296	375	backup	cont
297	380	backup	cont
298	384	backup	cont
584	380	bd	otrasbd
300	27	backup	cont
301	79	backup	cont
302	389	backup	cont
303	42	backup	cont
304	371	backup	cont
305	379	backup	cont
306	32	backup	cont
307	33	backup	cont
308	397	backup	cont
309	34	backup	cont
310	392	backup	cont
311	383	backup	cont
312	35	backup	cont
313	37	backup	cont
314	63	backup	cont
315	382	backup	cont
316	66	backup	cont
317	68	backup	cont
318	69	backup	cont
319	72	backup	cont
320	73	backup	cont
321	377	backup	cont
322	386	backup	cont
323	26	backup	cont
324	80	backup	cont
325	1	backup	cont
326	15	backup	cont
327	47	backup	cont
328	16	backup	cont
329	65	backup	cont
330	24	backup	cont
331	48	backup	cont
332	19	backup	cont
333	11	backup	cont
334	12	backup	cont
335	8	backup	cont
336	49	backup	cont
337	55	backup	cont
338	38	backup	cont
339	77	backup	cont
340	17	backup	cont
341	70	backup	cont
342	62	backup	cont
343	44	backup	cont
344	45	backup	cont
256	86	archivos	cont
585	62	bd	otrasbd
239	371	archivos	cont
260	72	archivos	cont
586	390	bd	otrasbd
587	21	bd	otrasbd
588	8	bd	otrasbd
589	2	bd	otrasbd
590	86	bd	otrasbd
591	38	bd	otrasbd
592	66	bd	otrasbd
345	20	backup	cont
346	23	backup	cont
347	13	backup	cont
348	59	backup	cont
349	21	backup	cont
350	18	backup	cont
351	61	backup	cont
352	74	backup	cont
353	28	backup	cont
354	36	backup	cont
355	28	logs	prod
265	375	archivos	cont
261	376	archivos	cont
258	379	archivos	cont
259	380	archivos	cont
263	381	archivos	cont
266	382	archivos	cont
267	383	archivos	cont
253	384	archivos	cont
257	386	archivos	cont
270	388	archivos	cont
268	389	archivos	cont
271	390	archivos	cont
272	392	archivos	cont
274	393	archivos	cont
269	395	archivos	cont
275	397	archivos	cont
276	403	archivos	cont
593	70	bd	otrasbd
357	1	logs	prod
358	2	logs	prod
359	6	logs	prod
360	8	logs	prod
361	10	logs	prod
362	11	logs	prod
363	12	logs	prod
364	13	logs	prod
365	14	logs	prod
366	15	logs	prod
367	16	logs	prod
368	17	logs	prod
369	18	logs	prod
370	19	logs	prod
371	20	logs	prod
372	21	logs	prod
373	22	logs	prod
374	23	logs	prod
375	24	logs	prod
376	26	logs	prod
377	27	logs	prod
378	28	logs	prod
379	32	logs	prod
380	33	logs	prod
381	34	logs	prod
382	35	logs	prod
383	36	logs	prod
384	37	logs	prod
385	38	logs	prod
386	39	logs	prod
387	40	logs	prod
388	42	logs	prod
389	44	logs	prod
390	45	logs	prod
391	47	logs	prod
392	48	logs	prod
393	49	logs	prod
394	55	logs	prod
395	59	logs	prod
396	61	logs	prod
397	62	logs	prod
398	63	logs	prod
399	65	logs	prod
400	66	logs	prod
401	67	logs	prod
402	68	logs	prod
403	69	logs	prod
404	70	logs	prod
405	72	logs	prod
406	73	logs	prod
407	74	logs	prod
408	76	logs	prod
409	77	logs	prod
410	79	logs	prod
411	80	logs	prod
412	85	logs	prod
413	86	logs	prod
414	371	logs	prod
415	375	logs	prod
416	376	logs	prod
417	377	logs	prod
418	379	logs	prod
419	380	logs	prod
420	381	logs	prod
421	382	logs	prod
422	383	logs	prod
423	384	logs	prod
424	386	logs	prod
425	388	logs	prod
426	389	logs	prod
427	390	logs	prod
428	392	logs	prod
429	393	logs	prod
430	395	logs	prod
431	397	logs	prod
432	399	logs	prod
433	403	logs	prod
442	379	bd	otrasbd
443	379	bd	otrasbd
444	379	bd	otrasbd
445	379	bd	otrasbd
448	379	bd	otrasbd
449	21	bd	otrasbd
450	11	bd	otrasbd
451	23	bd	otrasbd
452	375	bd	otrasbd
453	47	bd	otrasbd
454	42	bd	otrasbd
455	35	bd	otrasbd
446	379	bd	bi
447	379	bd	bi
456	69	bd	otrasbd
594	59	bd	otrasbd
595	34	bd	otrasbd
596	68	bd	otrasbd
597	386	bd	otrasbd
598	80	bd	otrasbd
599	69	bd	otrasbd
600	72	bd	otrasbd
601	384	bd	otrasbd
602	6	bd	otrasbd
603	79	bd	otrasbd
604	35	bd	otrasbd
605	37	bd	otrasbd
606	55	bd	otrasbd
607	383	bd	otrasbd
608	17	bd	otrasbd
609	376	bd	otrasbd
610	74	bd	otrasbd
611	389	bd	otrasbd
612	20	bd	otrasbd
613	62	bd	otrasbd
614	395	bd	otrasbd
615	371	bd	otrasbd
616	2	bd	otrasbd
617	15	bd	otrasbd
618	85	bd	otrasbd
619	40	bd	otrasbd
620	33	bd	otrasbd
621	392	bd	otrasbd
622	22	bd	otrasbd
623	76	bd	otrasbd
624	38	bd	otrasbd
625	388	bd	otrasbd
626	11	bd	otrasbd
627	73	bd	otrasbd
628	32	bd	otrasbd
629	12	bd	otrasbd
630	384	bd	otrasbd
631	377	bd	otrasbd
632	34	bd	otrasbd
633	80	bd	otrasbd
634	10	bd	otrasbd
635	65	bd	otrasbd
636	390	bd	otrasbd
637	381	bd	otrasbd
638	29	bd	otrasbd
639	26	bd	otrasbd
640	36	bd	otrasbd
641	13	bd	otrasbd
642	16	bd	otrasbd
643	61	bd	otrasbd
644	59	bd	otrasbd
645	70	bd	otrasbd
646	39	bd	otrasbd
647	382	bd	otrasbd
648	403	bd	otrasbd
649	45	bd	otrasbd
650	1	bd	otrasbd
651	69	bd	otrasbd
652	397	bd	otrasbd
522	392	bd	otrasbd
653	393	bd	otrasbd
654	49	bd	otrasbd
655	47	bd	otrasbd
656	380	bd	otrasbd
657	21	bd	otrasbd
658	375	bd	otrasbd
659	86	bd	otrasbd
660	27	bd	otrasbd
661	24	bd	otrasbd
662	6	bd	otrasbd
663	28	bd	otrasbd
664	48	bd	otrasbd
665	18	bd	otrasbd
666	77	bd	otrasbd
667	8	bd	otrasbd
668	23	bd	otrasbd
669	19	bd	otrasbd
670	63	bd	otrasbd
671	399	bd	otrasbd
672	66	bd	otrasbd
673	72	bd	otrasbd
674	67	bd	otrasbd
675	386	bd	otrasbd
676	44	bd	otrasbd
677	42	bd	otrasbd
678	68	bd	otrasbd
679	14	bd	otrasbd
680	383	bd	otrasbd
681	16	bd	otrasbd
682	384	bd	otrasbd
683	381	bd	otrasbd
684	376	bd	otrasbd
685	18	bd	otrasbd
686	14	bd	otrasbd
687	386	bd	otrasbd
688	24	bd	otrasbd
689	371	bd	otrasbd
690	80	bd	otrasbd
691	392	bd	otrasbd
692	62	bd	otrasbd
693	63	bd	otrasbd
694	47	bd	otrasbd
695	61	bd	otrasbd
696	70	bd	otrasbd
697	377	bd	otrasbd
698	74	bd	otrasbd
699	403	bd	otrasbd
700	44	bd	otrasbd
701	32	bd	otrasbd
702	65	bd	otrasbd
703	39	bd	otrasbd
704	21	bd	otrasbd
705	59	bd	otrasbd
706	42	bd	otrasbd
707	26	bd	otrasbd
708	35	bd	otrasbd
709	29	bd	otrasbd
710	38	bd	otrasbd
711	34	bd	otrasbd
712	12	bd	otrasbd
713	73	bd	otrasbd
714	393	bd	otrasbd
715	6	bd	otrasbd
716	388	bd	otrasbd
717	27	bd	otrasbd
718	19	bd	otrasbd
719	20	bd	otrasbd
720	49	bd	otrasbd
721	382	bd	otrasbd
722	76	bd	otrasbd
723	28	bd	otrasbd
724	380	bd	otrasbd
725	1	bd	otrasbd
726	33	bd	otrasbd
727	77	bd	otrasbd
728	395	bd	otrasbd
729	397	bd	otrasbd
730	11	bd	otrasbd
731	389	bd	otrasbd
732	40	bd	otrasbd
733	85	bd	otrasbd
734	66	bd	otrasbd
735	86	bd	otrasbd
736	15	bd	otrasbd
737	68	bd	otrasbd
738	67	bd	otrasbd
739	399	bd	otrasbd
740	375	bd	otrasbd
741	2	bd	otrasbd
742	10	bd	otrasbd
743	13	bd	otrasbd
744	45	bd	otrasbd
745	37	bd	otrasbd
746	8	bd	otrasbd
747	390	bd	otrasbd
748	72	bd	otrasbd
749	22	bd	otrasbd
750	69	bd	otrasbd
751	17	bd	otrasbd
752	79	bd	otrasbd
753	55	bd	otrasbd
754	48	bd	otrasbd
755	36	bd	otrasbd
756	23	bd	otrasbd
911	20	bd	otrasbd
912	392	bd	otrasbd
913	1	bd	otrasbd
914	76	bd	otrasbd
915	375	bd	otrasbd
916	8	bd	otrasbd
917	376	bd	otrasbd
918	18	bd	otrasbd
919	70	bd	otrasbd
920	59	bd	otrasbd
921	69	bd	otrasbd
922	67	bd	otrasbd
923	12	bd	otrasbd
924	13	bd	otrasbd
925	77	bd	otrasbd
926	383	bd	otrasbd
927	40	bd	otrasbd
928	28	bd	otrasbd
929	19	bd	otrasbd
930	27	bd	otrasbd
931	61	bd	otrasbd
932	85	bd	otrasbd
933	55	bd	otrasbd
934	16	bd	otrasbd
935	29	bd	otrasbd
936	380	bd	otrasbd
937	86	bd	otrasbd
938	399	bd	otrasbd
939	11	bd	otrasbd
940	14	bd	otrasbd
941	73	bd	otrasbd
942	393	bd	otrasbd
943	23	bd	otrasbd
944	80	bd	otrasbd
945	21	bd	otrasbd
946	381	bd	otrasbd
947	48	bd	otrasbd
948	377	bd	otrasbd
949	36	bd	otrasbd
950	24	bd	otrasbd
951	386	bd	otrasbd
952	397	bd	otrasbd
953	17	bd	otrasbd
954	389	bd	otrasbd
965	382	bd	otrasbd
966	403	bd	otrasbd
967	66	bd	otrasbd
968	62	bd	otrasbd
969	63	bd	otrasbd
970	26	bd	otrasbd
971	72	bd	otrasbd
972	22	bd	otrasbd
973	65	bd	otrasbd
974	10	bd	otrasbd
975	371	bd	otrasbd
976	34	bd	otrasbd
977	32	bd	otrasbd
978	38	bd	otrasbd
979	6	bd	otrasbd
980	44	bd	otrasbd
981	47	bd	otrasbd
982	45	bd	otrasbd
983	395	bd	otrasbd
984	37	bd	otrasbd
985	388	bd	otrasbd
986	384	bd	otrasbd
987	2	bd	otrasbd
988	18	bd	otrasbd
989	49	bd	otrasbd
990	371	bd	otrasbd
991	79	bd	otrasbd
992	23	bd	otrasbd
993	19	bd	otrasbd
994	42	bd	otrasbd
995	376	bd	otrasbd
996	8	bd	otrasbd
997	393	bd	otrasbd
998	13	bd	otrasbd
999	380	bd	otrasbd
1000	15	bd	otrasbd
1001	86	bd	otrasbd
1002	80	bd	otrasbd
1003	36	bd	otrasbd
1004	73	bd	otrasbd
1005	74	bd	otrasbd
1006	37	bd	otrasbd
1007	69	bd	otrasbd
1008	47	bd	otrasbd
1009	1	bd	otrasbd
1010	20	bd	otrasbd
1011	10	bd	otrasbd
1012	21	bd	otrasbd
1013	48	bd	otrasbd
1014	28	bd	otrasbd
1015	35	bd	otrasbd
1016	6	bd	otrasbd
1017	62	bd	otrasbd
1018	389	bd	otrasbd
1019	11	bd	otrasbd
1020	85	bd	otrasbd
1021	14	bd	otrasbd
1022	32	bd	otrasbd
1023	33	bd	otrasbd
1024	44	bd	otrasbd
1025	38	bd	otrasbd
1026	12	bd	otrasbd
1027	65	bd	otrasbd
1028	45	bd	otrasbd
1029	392	bd	otrasbd
1030	61	bd	otrasbd
1031	384	bd	otrasbd
1032	67	bd	otrasbd
1033	29	bd	otrasbd
1034	68	bd	otrasbd
1035	375	bd	otrasbd
1036	76	bd	otrasbd
1037	395	bd	otrasbd
1038	386	bd	otrasbd
1039	22	bd	otrasbd
1040	55	bd	otrasbd
1041	24	bd	otrasbd
1042	399	bd	otrasbd
1043	40	bd	otrasbd
1044	388	bd	otrasbd
1045	26	bd	otrasbd
757	38	bd	bi
758	70	bd	bi
759	37	bd	bi
760	393	bd	bi
761	67	bd	bi
762	33	bd	bi
763	14	bd	bi
764	65	bd	bi
765	44	bd	bi
766	389	bd	bi
767	26	bd	bi
768	376	bd	bi
769	16	bd	bi
770	48	bd	bi
771	40	bd	bi
772	375	bd	bi
773	8	bd	bi
774	74	bd	bi
775	395	bd	bi
776	24	bd	bi
777	80	bd	bi
778	23	bd	bi
779	381	bd	bi
780	45	bd	bi
781	68	bd	bi
782	384	bd	bi
783	6	bd	bi
784	49	bd	bi
785	377	bd	bi
786	55	bd	bi
787	76	bd	bi
788	21	bd	bi
789	386	bd	bi
790	388	bd	bi
791	77	bd	bi
792	15	bd	bi
793	36	bd	bi
794	403	bd	bi
795	1	bd	bi
796	62	bd	bi
797	2	bd	bi
798	69	bd	bi
799	27	bd	bi
800	392	bd	bi
801	39	bd	bi
802	61	bd	bi
803	397	bd	bi
804	66	bd	bi
805	22	bd	bi
806	34	bd	bi
807	390	bd	bi
808	20	bd	bi
809	17	bd	bi
810	18	bd	bi
811	12	bd	bi
812	19	bd	bi
813	28	bd	bi
814	47	bd	bi
815	85	bd	bi
816	13	bd	bi
817	32	bd	bi
818	399	bd	bi
819	382	bd	bi
820	10	bd	bi
821	383	bd	bi
822	29	bd	bi
823	42	bd	bi
824	59	bd	bi
825	35	bd	bi
826	371	bd	bi
827	73	bd	bi
828	79	bd	bi
829	86	bd	bi
830	380	bd	bi
831	72	bd	bi
832	11	bd	bi
833	63	bd	bi
834	17	bd	bi
835	20	bd	bi
836	10	bd	bi
837	376	bd	bi
838	37	bd	bi
839	27	bd	bi
840	77	bd	bi
841	8	bd	bi
842	380	bd	bi
843	49	bd	bi
844	1	bd	bi
845	67	bd	bi
846	47	bd	bi
847	26	bd	bi
848	61	bd	bi
849	69	bd	bi
850	22	bd	bi
851	74	bd	bi
852	403	bd	bi
853	395	bd	bi
854	386	bd	bi
855	39	bd	bi
856	55	bd	bi
857	48	bd	bi
858	381	bd	bi
859	79	bd	bi
860	21	bd	bi
861	29	bd	bi
862	72	bd	bi
863	12	bd	bi
864	399	bd	bi
865	86	bd	bi
866	19	bd	bi
867	38	bd	bi
868	68	bd	bi
869	383	bd	bi
870	15	bd	bi
871	32	bd	bi
872	16	bd	bi
873	76	bd	bi
874	13	bd	bi
875	34	bd	bi
876	66	bd	bi
877	42	bd	bi
878	70	bd	bi
879	377	bd	bi
880	389	bd	bi
881	2	bd	bi
882	59	bd	bi
883	36	bd	bi
884	65	bd	bi
885	11	bd	bi
886	18	bd	bi
887	375	bd	bi
888	392	bd	bi
889	371	bd	bi
890	44	bd	bi
891	62	bd	bi
892	390	bd	bi
893	80	bd	bi
894	388	bd	bi
895	382	bd	bi
896	23	bd	bi
897	33	bd	bi
898	24	bd	bi
899	40	bd	bi
900	85	bd	bi
901	45	bd	bi
902	63	bd	bi
903	35	bd	bi
904	28	bd	bi
905	14	bd	bi
906	6	bd	bi
907	73	bd	bi
908	384	bd	bi
909	397	bd	bi
910	393	bd	bi
1046	403	bd	otrasbd
1047	72	bd	otrasbd
1048	66	bd	otrasbd
1049	17	bd	otrasbd
1050	383	bd	otrasbd
1051	27	bd	otrasbd
1052	377	bd	otrasbd
1053	390	bd	otrasbd
1054	70	bd	otrasbd
1055	39	bd	otrasbd
1056	34	bd	otrasbd
1057	16	bd	otrasbd
1058	381	bd	otrasbd
1059	2	bd	otrasbd
1060	397	bd	otrasbd
1061	59	bd	otrasbd
1062	382	bd	otrasbd
1063	63	bd	otrasbd
1064	77	bd	otrasbd
1065	67	backup	cont
1066	399	backup	cont
1067	47	archivos	prod
1069	2	archivos	cont
1070	376	archivos	cont
1071	6	archivos	cont
1072	10	archivos	cont
1073	85	archivos	cont
1074	14	archivos	cont
1075	86	archivos	cont
1076	22	archivos	cont
1077	388	archivos	cont
1078	39	archivos	cont
1079	390	archivos	cont
1080	40	archivos	cont
1081	381	archivos	cont
1082	395	archivos	cont
1083	375	archivos	cont
1084	380	archivos	cont
1085	79	archivos	cont
1086	389	archivos	cont
1087	42	archivos	cont
1088	29	archivos	cont
1089	371	archivos	cont
1090	379	archivos	cont
1091	32	archivos	cont
1092	33	archivos	cont
1093	34	archivos	cont
1094	392	archivos	cont
1095	383	archivos	cont
1096	35	archivos	cont
1097	63	archivos	cont
1098	37	archivos	cont
1099	382	archivos	cont
1100	66	archivos	cont
1101	27	archivos	cont
1102	69	archivos	cont
1103	387	archivos	cont
1104	386	archivos	cont
1105	76	archivos	cont
1106	78	archivos	cont
1107	29	bd	prod
1108	29	archivos	prod
1109	29	logs	prod
1110	29	backup	cont
1111	29	logs	prod
1112	29	bd	cont
1113	29	archivos	cont
1114	26	bd	prod
1115	80	bd	prod
1116	1	bd	prod
1117	15	bd	prod
1118	47	bd	prod
1119	16	bd	prod
1120	65	bd	prod
1121	24	bd	prod
1122	48	bd	prod
1123	28	bd	prod
1124	28	bd	cont
457	20	bd	otrasbd
1126	16	archivos	prod
1127	74	archivos	cont
1128	74	archivos	prod
1129	80	archivos	cont
1130	16	archivos	cont
1131	24	archivos	cont
1132	74	archivos	cont
1133	74	archivos	cont
1134	371	backup	cont
1135	399	backup	cont
1136	78	backup	cont
1137	78	bd	prod
458	45	bd	otrasbd
459	383	bd	otrasbd
460	73	bd	otrasbd
461	10	bd	otrasbd
462	376	bd	otrasbd
463	72	bd	otrasbd
464	74	bd	otrasbd
465	18	bd	otrasbd
466	59	bd	otrasbd
467	85	bd	otrasbd
468	37	bd	otrasbd
469	65	bd	otrasbd
470	28	bd	otrasbd
471	32	bd	otrasbd
472	76	bd	otrasbd
473	77	bd	otrasbd
474	48	bd	otrasbd
475	403	bd	otrasbd
476	16	bd	otrasbd
477	44	bd	otrasbd
478	390	bd	otrasbd
479	382	bd	otrasbd
955	15	bd	otrasbd
956	39	bd	otrasbd
957	33	bd	otrasbd
958	74	bd	otrasbd
959	49	bd	otrasbd
960	42	bd	otrasbd
961	35	bd	otrasbd
962	79	bd	otrasbd
963	390	bd	otrasbd
964	68	bd	otrasbd
\.


--
-- Name: medicion_cliente_resultado_id_seq; Type: SEQUENCE SET; Schema: public; Owner: root
--

SELECT pg_catalog.setval('public.medicion_cliente_resultado_id_seq', 1299, true);


--
-- PostgreSQL database dump complete
--

